project,package
rdb/mxnet,ggplot2
rdb/mxnet,mxnet
rdb/mxnet,zoo
rdb/mxnet,Matrix
rdb/mxnet,quantmod
rdb/mxnet,TTR
rdb/applied-pred-12.2,AppliedPredictiveModeling
rdb/applied-pred-12.2,caret
rdb/applied-pred-12.2,MASS
rdb/applied-pred-12.2,pamr
rdb/applied-pred-12.2,sparseLDA
rdb/applied-pred-12.2,tidyverse
rdb/community-matrix,fields
rdb/community-matrix,vegan
rdb/community-indeces,vegan
rdb/data-filtering,dplyr
rdb/size-class,dplyr
rdb/size-class,stringr
rdb/size-density,dplyr
rdb/size-density,reshape
rdb/bad-passwords,tidyverse
rdb/nobel,lubridate
rdb/nobel,scales
rdb/nobel,tidyverse
rdb/mario-kart,dplyr
rdb/mario-kart,ggplot2
rdb/mario-kart,ggrepel
rdb/mario-kart,mariokart
rdb/bio-seq,DESeq2
rdb/applied-pred-7.1,caret
rdb/applied-pred-7.1,ggplot2
rdb/applied-pred-7.1,kernlab
rdb/applied-pred-7.1,lattice
rdb/applied-pred-7.1,gang
rdb/applied-pred-6.1,AppliedPredictiveModeling
rdb/applied-pred-6.1,caret
rdb/applied-pred-6.1,elasticnet
rdb/applied-pred-6.1,lars
rdb/applied-pred-6.1,MASS
rdb/applied-pred-6.1,pls
rdb/classify-infection,data.table
rdb/us-500,dplyr
rdb/us-500,forcats
rdb/us-500,ggplot2
rdb/us-500,readr
rdb/us-500,vegan
rdb/applied-pred-6.2,AppliedPredictiveModeling
rdb/applied-pred-6.2,caret
rdb/applied-pred-6.2,elasticnet
rdb/applied-pred-6.2,lars
rdb/applied-pred-6.2,MASS
rdb/applied-pred-6.2,pls
rdb/applied-pred-12.1-chem,AppliedPredictiveModeling
rdb/applied-pred-12.1-chem,caret
rdb/applied-pred-12.1-chem,MASS
rdb/applied-pred-12.1-chem,pamr
rdb/applied-pred-12.1-chem,sparseLDA
rdb/draw-flowers,ggplot2
rdb/applied-pred-7.4,AppliedPredictiveModeling
rdb/applied-pred-7.4,caret
rdb/applied-pred-7.4,doParallel
rdb/applied-pred-7.4,earth
rdb/applied-pred-7.4,elasticnet
rdb/applied-pred-7.4,lars
rdb/applied-pred-7.4,MASS
rdb/applied-pred-7.4,mlbench
rdb/applied-pred-7.4,nnet
rdb/applied-pred-7.4,pls
rdb/applied-pred-7.4,AppliedPredictiveModelingdsds
rdb/applied-pred-7.4,AppliedPredictiveModelingss
rdb/applied-pred-12.1-bio,AppliedPredictiveModeling
rdb/applied-pred-12.1-bio,caret
rdb/applied-pred-12.1-bio,MASS
rdb/applied-pred-12.1-bio,pamr
rdb/applied-pred-12.1-bio,sparseLDA
rdb/applied-pred-12.1-comb,AppliedPredictiveModeling
rdb/applied-pred-12.1-comb,caret
rdb/applied-pred-12.1-comb,MASS
rdb/applied-pred-12.1-comb,pamr
rdb/applied-pred-12.1-comb,sparseLDA
rdb/applied-pred-7.3,caret
rdb/applied-pred-7.3,doParallel
rdb/applied-pred-7.3,earth
rdb/applied-pred-7.3,mlbench
rdb/applied-pred-7.3,nnet
rdb/applied-pred-13.2,AppliedPredictiveModeling
rdb/applied-pred-13.2,caret
rdb/applied-pred-13.2,kernlab
rdb/applied-pred-13.2,klaR
rdb/applied-pred-13.2,MASS
rdb/applied-pred-13.2,nnet
rdb/fuzzy-logic,data.table
rdb/fuzzy-logic,dplyr
rdb/fuzzy-logic,sentimentr
rdb/fuzzy-logic,sets
rdb/fuzzy-logic,slam
rdb/fuzzy-logic,tidytext
rdb/fuzzy-logic,tidyverse
rdb/fuzzy-logic,tm
